rep,fold,fit_time,score_time,uar,war,microf1,macrof1,anger_rec,anger_prec,anger_f1,anger_ba,happiness_rec,happiness_prec,happiness_f1,happiness_ba,neutral_rec,neutral_prec,neutral_f1,neutral_ba,sadness_rec,sadness_prec,sadness_f1,sadness_ba,params,clf,features,corpus
0,0,0.07560732495039701,0.007581554818898439,0.33284353686041135,0.3304480651731161,0.3304480651731161,0.28887495056324247,0.41358024691358025,0.36678832116788324,0.38878143133462284,0.6782077393075356,0.7160493827160493,0.36287799791449427,0.48166089965397924,0.6186354378818737,0.09961685823754789,0.5977011494252874,0.17077175697865354,0.7428716904276986,0.10212765957446808,0.12972972972972974,0.11428571428571428,0.6211812627291242,"{""C"": 1, ""class_weight"": null, ""dual"": false, ""fit_intercept"": true, ""intercept_scaling"": 1, ""l1_ratio"": null, ""max_iter"": 100, ""multi_class"": ""multinomial"", ""n_jobs"": null, ""penalty"": ""l2"", ""random_state"": null, ""solver"": ""lbfgs"", ""tol"": 0.0001, ""verbose"": 0, ""warm_start"": false}",sk/lr,wav2vec_c_mean,combined
