rep,fold,fit_time,score_time,uar,war,microf1,macrof1,anger_rec,anger_prec,anger_f1,anger_ba,happiness_rec,happiness_prec,happiness_f1,happiness_ba,neutral_rec,neutral_prec,neutral_f1,neutral_ba,sadness_rec,sadness_prec,sadness_f1,sadness_ba,params,clf,features,corpus
0,0,0.09873337624594569,0.026882913894951344,0.2507765831718528,0.2588283323127169,0.2588283323127169,0.19546806983294474,0.05586152635719906,0.8255813953488372,0.10464259395725865,0.7519902020820576,0.22816679779701024,0.3020833333333333,0.25997310623038994,0.6629924474382527,0.03403863845446182,0.09762532981530343,0.050477489768076395,0.7158603796693203,0.6850393700787402,0.2504317789291883,0.36677908937605397,0.3868136354358032,"{""C"": 1, ""class_weight"": null, ""dual"": false, ""fit_intercept"": true, ""intercept_scaling"": 1, ""l1_ratio"": null, ""max_iter"": 100, ""multi_class"": ""multinomial"", ""n_jobs"": null, ""penalty"": ""l2"", ""random_state"": null, ""solver"": ""lbfgs"", ""tol"": 0.0001, ""verbose"": 0, ""warm_start"": false}",sk/lr,wav2vec_c_mean,combined
