rep,fold,fit_time,score_time,uar,war,microf1,macrof1,anger_rec,anger_prec,anger_f1,anger_ba,disgust_rec,disgust_prec,disgust_f1,disgust_ba,happiness_rec,happiness_prec,happiness_f1,happiness_ba,neutral_rec,neutral_prec,neutral_f1,neutral_ba,params,clf,features,corpus
0,CREMA-D,4.36489725112915,0.15533447265625,0.4859649516458366,0.4669387755102041,0.4669387755102041,0.4348573191213325,0.5727773406766326,0.7711864406779662,0.6573363431151241,0.8451020408163266,0.11329661683713611,0.9411764705882353,0.20224719101123595,0.7681632653061224,0.26514555468135326,0.7800925925925926,0.39577216676453314,0.79,0.9926402943882244,0.3200830614061109,0.48407357559443687,0.5306122448979592,"{""C"": 1, ""class_weight"": null, ""dual"": false, ""fit_intercept"": true, ""intercept_scaling"": 1, ""l1_ratio"": null, ""max_iter"": 100, ""multi_class"": ""multinomial"", ""n_jobs"": null, ""penalty"": ""l2"", ""random_state"": null, ""solver"": ""lbfgs"", ""tol"": 0.0001, ""verbose"": 0, ""warm_start"": false}",sk/lr,wav2vec2_audeering_ft_c_mean,combined
0,EmoV-DB,5.2280097007751465,0.11408734321594238,0.5738427541260379,0.5396365042536736,0.5396365042536736,0.5502023803873577,0.555205047318612,0.781354051054384,0.6491470723835869,0.852861562258314,0.9842983316977428,0.32799215173315893,0.49202845229335296,0.5995746326372776,0.4031890660592255,0.8428571428571429,0.5454545454545454,0.8288863109048724,0.35267857142857145,0.9485420240137221,0.5141794514179452,0.7979505027068832,"{""C"": 1, ""class_weight"": null, ""dual"": false, ""fit_intercept"": true, ""intercept_scaling"": 1, ""l1_ratio"": null, ""max_iter"": 100, ""multi_class"": ""multinomial"", ""n_jobs"": null, ""penalty"": ""l2"", ""random_state"": null, ""solver"": ""lbfgs"", ""tol"": 0.0001, ""verbose"": 0, ""warm_start"": false}",sk/lr,wav2vec2_audeering_ft_c_mean,combined
