rep,fold,fit_time,score_time,uar,war,microf1,macrof1,anger_rec,anger_prec,anger_f1,anger_ba,disgust_rec,disgust_prec,disgust_f1,disgust_ba,fear_rec,fear_prec,fear_f1,fear_ba,happiness_rec,happiness_prec,happiness_f1,happiness_ba,sadness_rec,sadness_prec,sadness_f1,sadness_ba,surprise_rec,surprise_prec,surprise_f1,surprise_ba,params,clf,features,corpus
0,0,3.5620404020883143,0.03999920189380646,0.30676312387583277,0.4180706724317877,0.4180706724317877,0.27186391800035287,0.4517684887459807,0.19063772048846675,0.2681297709923664,0.7712837334128523,0.21015514809590974,0.1742690058479532,0.19053708439897696,0.811241985984792,0.04632152588555858,0.11805555555555555,0.06653620352250489,0.9288802743402416,0.5810071942446043,0.7124206069160197,0.6400380408939611,0.6613985388400179,0.4376237623762376,0.24179431072210067,0.31148696264975334,0.8543312956612494,0.11370262390670553,0.24074074074074073,0.15445544554455445,0.8090055166244222,"{""C"": 1, ""class_weight"": null, ""dual"": false, ""fit_intercept"": true, ""intercept_scaling"": 1, ""l1_ratio"": null, ""max_iter"": 100, ""multi_class"": ""multinomial"", ""n_jobs"": null, ""penalty"": ""l2"", ""random_state"": null, ""solver"": ""lbfgs"", ""tol"": 0.0001, ""verbose"": 0, ""warm_start"": false}",sk/lr,wav2vec2_audeering_ft_c_mean,combined
