rep,fold,fit_time,score_time,uar,war,microf1,macrof1,anger_rec,anger_prec,anger_f1,anger_ba,happiness_rec,happiness_prec,happiness_f1,happiness_ba,neutral_rec,neutral_prec,neutral_f1,neutral_ba,sadness_rec,sadness_prec,sadness_f1,sadness_ba,params,clf,features,corpus
0,IEMOCAP,5.389816522598267,0.19638872146606445,0.5371245555265053,0.5411318025673477,0.5411318025673477,0.5395101335823115,0.6038077969174978,0.6416184971098265,0.6221391872956562,0.85373350207919,0.7102689486552567,0.4721657862657456,0.5672443251159385,0.6794431386729344,0.4174473067915691,0.5609756097560976,0.4786841221886539,0.7192189477490508,0.41697416974169743,0.5939553219448095,0.4899728997289972,0.8298680166335202,"{""C"": 1, ""class_weight"": null, ""dual"": false, ""fit_intercept"": true, ""intercept_scaling"": 1, ""l1_ratio"": null, ""max_iter"": 100, ""multi_class"": ""multinomial"", ""n_jobs"": null, ""penalty"": ""l2"", ""random_state"": null, ""solver"": ""lbfgs"", ""tol"": 0.0001, ""verbose"": 0, ""warm_start"": false}",sk/lr,wav2vec2_audeering_ft_c_mean,combined
0,MSP-IMPROV,4.844486951828003,0.15048646926879883,0.4981041069224875,0.5734803795845088,0.5734803795845088,0.5067180166254679,0.41414141414141414,0.48164464023494863,0.4453496266123558,0.8952295460374455,0.5582450832072617,0.6337483898668956,0.5936054695354918,0.7408309823031547,0.6810468794938165,0.5969246281825057,0.6362170875873185,0.6527314696075917,0.3389830508474576,0.3654080389768575,0.3516998827667057,0.8581687612208259,"{""C"": 1, ""class_weight"": null, ""dual"": false, ""fit_intercept"": true, ""intercept_scaling"": 1, ""l1_ratio"": null, ""max_iter"": 100, ""multi_class"": ""multinomial"", ""n_jobs"": null, ""penalty"": ""l2"", ""random_state"": null, ""solver"": ""lbfgs"", ""tol"": 0.0001, ""verbose"": 0, ""warm_start"": false}",sk/lr,wav2vec2_audeering_ft_c_mean,combined
