rep,fold,fit_time,score_time,uar,war,microf1,macrof1,anger_rec,anger_prec,anger_f1,anger_ba,disgust_rec,disgust_prec,disgust_f1,disgust_ba,fear_rec,fear_prec,fear_f1,fear_ba,happiness_rec,happiness_prec,happiness_f1,happiness_ba,sadness_rec,sadness_prec,sadness_f1,sadness_ba,surprise_rec,surprise_prec,surprise_f1,surprise_ba,params,clf,features,corpus
0,0,5.047222175635397,0.019266776740550995,0.241521698015566,0.24875183553597652,0.24875183553597652,0.17902833230295698,0.09240246406570841,0.22058823529411764,0.13024602026049203,0.8234948604992658,0.1306122448979592,0.07494145199063232,0.09523809523809525,0.82143906020558,0.31313131313131315,0.050488599348534204,0.08695652173913043,0.8088105726872247,0.27161125319693097,0.7831858407079646,0.40334219521458414,0.5386196769456681,0.34137291280148424,0.2750373692077728,0.304635761589404,0.7533039647577092,0.3,0.02952029520295203,0.05375139977603584,0.7518355359765051,"{""C"": 1, ""class_weight"": null, ""dual"": false, ""fit_intercept"": true, ""intercept_scaling"": 1, ""l1_ratio"": null, ""max_iter"": 100, ""multi_class"": ""multinomial"", ""n_jobs"": null, ""penalty"": ""l2"", ""random_state"": null, ""solver"": ""lbfgs"", ""tol"": 0.0001, ""verbose"": 0, ""warm_start"": false}",sk/lr,wav2vec2_audeering_ft_c_mean,combined
