rep,fold,fit_time,score_time,uar,war,microf1,macrof1,anger_rec,anger_prec,anger_f1,anger_ba,happiness_rec,happiness_prec,happiness_f1,happiness_ba,neutral_rec,neutral_prec,neutral_f1,neutral_ba,sadness_rec,sadness_prec,sadness_f1,sadness_ba,surprise_rec,surprise_prec,surprise_f1,surprise_ba,params,clf,features,corpus
0,0,10.003959810826927,0.011873991694301367,0.5806666666666667,0.5806666666666667,0.5806666666666667,0.5739169214655993,0.6233333333333333,0.520891364902507,0.56752655538695,0.81,0.36666666666666664,0.6145251396648045,0.4592901878914405,0.8273333333333334,0.8766666666666667,0.4990512333965844,0.6360338573155986,0.7993333333333333,0.5433333333333333,0.8358974358974359,0.6585858585858586,0.8873333333333333,0.49333333333333335,0.6166666666666667,0.5481481481481482,0.8373333333333334,"{""C"": 1, ""class_weight"": null, ""dual"": false, ""fit_intercept"": true, ""intercept_scaling"": 1, ""l1_ratio"": null, ""max_iter"": 100, ""multi_class"": ""multinomial"", ""n_jobs"": null, ""penalty"": ""l2"", ""random_state"": null, ""solver"": ""lbfgs"", ""tol"": 0.0001, ""verbose"": 0, ""warm_start"": false}",sk/lr,wav2vec2_audeering_ft_c_mean,ESD
