rep,fold,fit_time,score_time,uar,war,microf1,macrof1,anger_rec,anger_prec,anger_f1,anger_ba,disgust_rec,disgust_prec,disgust_f1,disgust_ba,fear_rec,fear_prec,fear_f1,fear_ba,happiness_rec,happiness_prec,happiness_f1,happiness_ba,sadness_rec,sadness_prec,sadness_f1,sadness_ba,params,clf,features,corpus
0,0,0.14345490839332342,0.0034060641191899776,0.5744630191185734,0.5714285714285714,0.5714285714285714,0.5813156937977022,0.726027397260274,0.7910447761194029,0.757142857142857,0.9176755447941889,0.5294117647058824,0.5901639344262295,0.5581395348837209,0.8619854721549637,0.4823529411764706,0.47674418604651164,0.4795321637426901,0.784503631961259,0.48936170212765956,0.4144144144144144,0.44878048780487806,0.7263922518159807,0.6451612903225806,0.6818181818181818,0.6629834254143646,0.8523002421307506,"{""C"": 1, ""class_weight"": null, ""dual"": false, ""fit_intercept"": true, ""intercept_scaling"": 1, ""l1_ratio"": null, ""max_iter"": 100, ""multi_class"": ""multinomial"", ""n_jobs"": null, ""penalty"": ""l2"", ""random_state"": null, ""solver"": ""lbfgs"", ""tol"": 0.0001, ""verbose"": 0, ""warm_start"": false}",sk/lr,wav2vec_c_mean,EmoFilm
