rep,fold,fit_time,score_time,uar,war,microf1,macrof1,anger_rec,anger_prec,anger_f1,anger_ba,disgust_rec,disgust_prec,disgust_f1,disgust_ba,fear_rec,fear_prec,fear_f1,fear_ba,happiness_rec,happiness_prec,happiness_f1,happiness_ba,sadness_rec,sadness_prec,sadness_f1,sadness_ba,surprise_rec,surprise_prec,surprise_f1,surprise_ba,params,clf,features,corpus
0,0,2.0186473270878196,0.008235045243054628,0.29108704447656025,0.32980910425844345,0.32980910425844345,0.23796983710027964,0.24845995893223818,0.24493927125506074,0.24668705402650357,0.7829662261380324,0.3142857142857143,0.16041666666666668,0.2124137931034483,0.8323054331864904,0.30303030303030304,0.060240963855421686,0.10050251256281406,0.8422907488986784,0.36163682864450125,0.7881828316610925,0.49579242636746146,0.5776798825256975,0.31910946196660483,0.31272727272727274,0.3158861340679523,0.7812041116005873,0.2,0.03292181069958848,0.05653710247349823,0.8431718061674008,"{""C"": 1, ""class_weight"": null, ""dual"": false, ""fit_intercept"": true, ""intercept_scaling"": 1, ""l1_ratio"": null, ""max_iter"": 100, ""multi_class"": ""multinomial"", ""n_jobs"": null, ""penalty"": ""l2"", ""random_state"": null, ""solver"": ""lbfgs"", ""tol"": 0.0001, ""verbose"": 0, ""warm_start"": false}",sk/lr,wav2vec_c_mean,CMU-MOSEI
