rep,fold,fit_time,score_time,uar,war,microf1,macrof1,anger_rec,anger_prec,anger_f1,anger_ba,disgust_rec,disgust_prec,disgust_f1,disgust_ba,fear_rec,fear_prec,fear_f1,fear_ba,happiness_rec,happiness_prec,happiness_f1,happiness_ba,sadness_rec,sadness_prec,sadness_f1,sadness_ba,surprise_rec,surprise_prec,surprise_f1,surprise_ba,params,clf,features,corpus
0,0,3.3009588327258825,0.020934085827320814,0.32305942511107066,0.3417325182644998,0.3417325182644998,0.2763295993258698,0.477491961414791,0.25893635571054924,0.3357829282080271,0.8248099001043686,0.2778561354019746,0.17295873573309922,0.21320346320346323,0.783211570001491,0.1362397820163488,0.06622516556291391,0.08912655971479502,0.8476218875801401,0.3743884892086331,0.7799760191846523,0.5059303908224773,0.6211420903533622,0.46732673267326735,0.21691176470588236,0.2962962962962963,0.8328611898016998,0.20505344995140914,0.23186813186813188,0.2176379577101599,0.773818398687938,"{""C"": 1, ""class_weight"": null, ""dual"": false, ""fit_intercept"": true, ""intercept_scaling"": 1, ""l1_ratio"": null, ""max_iter"": 100, ""multi_class"": ""multinomial"", ""n_jobs"": null, ""penalty"": ""l2"", ""random_state"": null, ""solver"": ""lbfgs"", ""tol"": 0.0001, ""verbose"": 0, ""warm_start"": false}",sk/lr,wav2vec_c_mean,MSP-PODCAST
