rep,fold,fit_time,score_time,uar,war,microf1,macrof1,anger_rec,anger_prec,anger_f1,anger_ba,disgust_rec,disgust_prec,disgust_f1,disgust_ba,happiness_rec,happiness_prec,happiness_f1,happiness_ba,neutral_rec,neutral_prec,neutral_f1,neutral_ba,params,clf,features,corpus
0,CREMA-D,2.6281988620758057,0.10756707191467285,0.3896871111780234,0.4042857142857143,0.4042857142857143,0.33171637074300286,0.45948072383949645,0.8202247191011236,0.589006555723651,0.8336734693877551,0.18332022029897718,0.5319634703196348,0.272674078408426,0.7463265306122449,0.9150275373721479,0.3102160576153641,0.46334661354581674,0.4502040816326531,0.0009199632014719411,1.0,0.0018382352941176468,0.7783673469387755,"{""C"": 1, ""class_weight"": null, ""dual"": false, ""fit_intercept"": true, ""intercept_scaling"": 1, ""l1_ratio"": null, ""max_iter"": 100, ""multi_class"": ""multinomial"", ""n_jobs"": null, ""penalty"": ""l2"", ""random_state"": null, ""solver"": ""lbfgs"", ""tol"": 0.0001, ""verbose"": 0, ""warm_start"": false}",sk/lr,wav2vec_c_mean,combined
0,EmoV-DB,2.13675856590271,0.09899377822875977,0.5734721190464463,0.5417633410672854,0.5417633410672854,0.5207351335863375,0.27917981072555204,0.9619565217391305,0.43276283618581907,0.8205723124516628,0.9470068694798822,0.4258605472197705,0.5875190258751902,0.7380123743232792,0.7615793470007594,0.4895070766227428,0.5959595959595959,0.737045630317092,0.30612244897959184,0.9815950920245399,0.4666990763247448,0.7878963650425367,"{""C"": 1, ""class_weight"": null, ""dual"": false, ""fit_intercept"": true, ""intercept_scaling"": 1, ""l1_ratio"": null, ""max_iter"": 100, ""multi_class"": ""multinomial"", ""n_jobs"": null, ""penalty"": ""l2"", ""random_state"": null, ""solver"": ""lbfgs"", ""tol"": 0.0001, ""verbose"": 0, ""warm_start"": false}",sk/lr,wav2vec_c_mean,combined
