rep,fold,fit_time,score_time,uar,war,microf1,macrof1,anger_rec,anger_prec,anger_f1,anger_ba,happiness_rec,happiness_prec,happiness_f1,happiness_ba,neutral_rec,neutral_prec,neutral_f1,neutral_ba,sadness_rec,sadness_prec,sadness_f1,sadness_ba,params,clf,features,corpus
0,IEMOCAP,4.089848279953003,0.11966514587402344,0.44117670607102255,0.45561381305369736,0.45561381305369736,0.4384962796328578,0.29465095194922936,0.4433833560709413,0.3540305010893246,0.7855722292532996,0.6931540342298288,0.42424242424242425,0.5263402181480621,0.630988971252938,0.3507025761124122,0.4913863822805578,0.4092927912538435,0.6873983004881576,0.4261992619926199,0.5099337748344371,0.46432160804020106,0.8072681251129995,"{""C"": 1, ""class_weight"": null, ""dual"": false, ""fit_intercept"": true, ""intercept_scaling"": 1, ""l1_ratio"": null, ""max_iter"": 100, ""multi_class"": ""multinomial"", ""n_jobs"": null, ""penalty"": ""l2"", ""random_state"": null, ""solver"": ""lbfgs"", ""tol"": 0.0001, ""verbose"": 0, ""warm_start"": false}",sk/lr,wav2vec_c_mean,combined
0,MSP-IMPROV,2.1627674102783203,0.13586211204528809,0.36745118498711743,0.4240830982303155,0.4240830982303155,0.33281900919952423,0.059343434343434344,0.38524590163934425,0.10284463894967177,0.8948448320082072,0.3037065052950076,0.621517027863777,0.40802845528455284,0.7012054372916132,0.5700316364682197,0.5683969027817608,0.569213095921884,0.6152859707617337,0.536723163841808,0.16396272005522955,0.25118984664198835,0.6368299563990767,"{""C"": 1, ""class_weight"": null, ""dual"": false, ""fit_intercept"": true, ""intercept_scaling"": 1, ""l1_ratio"": null, ""max_iter"": 100, ""multi_class"": ""multinomial"", ""n_jobs"": null, ""penalty"": ""l2"", ""random_state"": null, ""solver"": ""lbfgs"", ""tol"": 0.0001, ""verbose"": 0, ""warm_start"": false}",sk/lr,wav2vec_c_mean,combined
