rep,fold,fit_time,score_time,uar,war,microf1,macrof1,anger_rec,anger_prec,anger_f1,anger_ba,disgust_rec,disgust_prec,disgust_f1,disgust_ba,fear_rec,fear_prec,fear_f1,fear_ba,happiness_rec,happiness_prec,happiness_f1,happiness_ba,sadness_rec,sadness_prec,sadness_f1,sadness_ba,surprise_rec,surprise_prec,surprise_f1,surprise_ba,params,clf,features,corpus
0,0,3.850112408399582,0.01847957680001855,0.30317340794387787,0.4170337738619677,0.41703377386196777,0.2711822957629561,0.31211498973305957,0.2878787878787879,0.2995073891625616,0.7911894273127753,0.33877551020408164,0.18906605922551253,0.24269005847953218,0.847870778267254,0.21212121212121213,0.058823529411764705,0.09210526315789475,0.8784140969162996,0.490537084398977,0.7932175351530191,0.6061946902654868,0.6340675477239354,0.3654916512059369,0.312202852614897,0.3367521367521367,0.7720998531571219,0.1,0.03319502074688797,0.049844236760124616,0.9104258443465492,"{""C"": 1, ""class_weight"": null, ""dual"": false, ""fit_intercept"": true, ""intercept_scaling"": 1, ""l1_ratio"": null, ""max_iter"": 100, ""multi_class"": ""multinomial"", ""n_jobs"": null, ""penalty"": ""l2"", ""random_state"": null, ""solver"": ""lbfgs"", ""tol"": 0.0001, ""verbose"": 0, ""warm_start"": false}",sk/lr,wav2vec2_audeering_ft_c_mean,CMU-MOSEI
