rep,fold,fit_time,score_time,uar,war,microf1,macrof1,anger_rec,anger_prec,anger_f1,anger_ba,disgust_rec,disgust_prec,disgust_f1,disgust_ba,fear_rec,fear_prec,fear_f1,fear_ba,happiness_rec,happiness_prec,happiness_f1,happiness_ba,sadness_rec,sadness_prec,sadness_f1,sadness_ba,surprise_rec,surprise_prec,surprise_f1,surprise_ba,params,clf,features,corpus
0,0,7.020181477069855,0.047543462831526995,0.40532711828873574,0.4686148799761443,0.4686148799761443,0.37168826518778936,0.5305466237942122,0.38869257950530034,0.4486743711760707,0.8790815565826748,0.3610719322990127,0.256,0.29959040374488005,0.8215297450424929,0.19346049046321526,0.10597014925373134,0.1369334619093539,0.8665573281646042,0.5536690647482014,0.8532150776053216,0.6715532286212915,0.7193976442522737,0.48514851485148514,0.31776913099870296,0.384012539184953,0.8828090055166244,0.3080660835762877,0.2728055077452668,0.2893655864901871,0.7678544803936186,"{""C"": 1, ""class_weight"": null, ""dual"": false, ""fit_intercept"": true, ""intercept_scaling"": 1, ""l1_ratio"": null, ""max_iter"": 100, ""multi_class"": ""multinomial"", ""n_jobs"": null, ""penalty"": ""l2"", ""random_state"": null, ""solver"": ""lbfgs"", ""tol"": 0.0001, ""verbose"": 0, ""warm_start"": false}",sk/lr,wav2vec2_audeering_ft_c_mean,MSP-PODCAST
