rep,fold,fit_time,score_time,uar,war,microf1,macrof1,affection_rec,affection_prec,affection_f1,affection_ba,amusement_rec,amusement_prec,amusement_f1,amusement_ba,anger_rec,anger_prec,anger_f1,anger_ba,contempt_rec,contempt_prec,contempt_f1,contempt_ba,disgust_rec,disgust_prec,disgust_f1,disgust_ba,distress_rec,distress_prec,distress_f1,distress_ba,fear_rec,fear_prec,fear_f1,fear_ba,guilt_rec,guilt_prec,guilt_f1,guilt_ba,happiness_rec,happiness_prec,happiness_f1,happiness_ba,interest_rec,interest_prec,interest_f1,interest_ba,lust_rec,lust_prec,lust_f1,lust_ba,negativesurprise_rec,negativesurprise_prec,negativesurprise_f1,negativesurprise_ba,positivesurprise_rec,positivesurprise_prec,positivesurprise_f1,positivesurprise_ba,pride_rec,pride_prec,pride_f1,pride_ba,relief_rec,relief_prec,relief_f1,relief_ba,sadness_rec,sadness_prec,sadness_f1,sadness_ba,serenity_rec,serenity_prec,serenity_f1,serenity_ba,shame_rec,shame_prec,shame_f1,shame_ba,params,clf,features,corpus
0,0,2.2620446323417127,0.01661979779601097,0.09907407407407408,0.09962756052141528,0.09962756052141528,0.06910267544599798,0.0,0.0,0.0,0.9413407821229051,0.26666666666666666,0.08791208791208792,0.1322314049586777,0.8044692737430168,0.0,0.0,0.0,0.9441340782122905,0.18333333333333332,0.0873015873015873,0.1182795698924731,0.8472998137802608,0.016666666666666666,1.0,0.03278688524590164,0.9450651769087524,0.0,0.0,0.0,0.9432029795158287,0.0,0.0,0.0,0.9432029795158287,0.0,0.0,0.0,0.9441340782122905,0.5166666666666667,0.06553911205073996,0.11632270168855537,0.5614525139664804,0.0,0.0,0.0,0.946927374301676,0.2833333333333333,0.21794871794871795,0.2463768115942029,0.9031657355679702,0.0,0.0,0.0,0.946927374301676,0.18333333333333332,0.14285714285714285,0.16058394160583941,0.8929236499068901,0.11666666666666667,0.07291666666666667,0.08974358974358976,0.8677839851024208,0.13333333333333333,0.4,0.2,0.9404096834264432,0.05,0.42857142857142855,0.08955223880597016,0.9432029795158287,0.03333333333333333,0.2222222222222222,0.057971014492753624,0.9394785847299814,0.0,0.0,0.0,0.9441340782122905,"{""C"": 1, ""class_weight"": null, ""dual"": false, ""fit_intercept"": true, ""intercept_scaling"": 1, ""l1_ratio"": null, ""max_iter"": 100, ""multi_class"": ""multinomial"", ""n_jobs"": null, ""penalty"": ""l2"", ""random_state"": null, ""solver"": ""lbfgs"", ""tol"": 0.0001, ""verbose"": 0, ""warm_start"": false}",sk/lr,wav2vec2_audeering_ft_c_mean,VENEC
