rep,fold,fit_time,score_time,uar,war,microf1,macrof1,anger_rec,anger_prec,anger_f1,anger_ba,happiness_rec,happiness_prec,happiness_f1,happiness_ba,neutral_rec,neutral_prec,neutral_f1,neutral_ba,sadness_rec,sadness_prec,sadness_f1,sadness_ba,params,clf,features,corpus
0,0,0.16116412496194243,0.021900988183915615,0.2857601493252236,0.21620928443190562,0.21620928443190562,0.1665532650220799,0.007575757575757576,0.21428571428571427,0.014634146341463415,0.8963836881251603,0.3037065052950076,0.34011012282930964,0.32087912087912096,0.5641190048730443,0.054357204486626405,0.49476439790575916,0.09795283752267427,0.5536034880738651,0.7774011299435029,0.13686095086532724,0.2327469553450609,0.41831238779174146,"{""C"": 1, ""class_weight"": null, ""dual"": false, ""fit_intercept"": true, ""intercept_scaling"": 1, ""l1_ratio"": null, ""max_iter"": 100, ""multi_class"": ""multinomial"", ""n_jobs"": null, ""penalty"": ""l2"", ""random_state"": null, ""solver"": ""lbfgs"", ""tol"": 0.0001, ""verbose"": 0, ""warm_start"": false}",sk/lr,wav2vec_c_mean,combined
