rep,fold,fit_time,score_time,uar,war,microf1,macrof1,affection_rec,affection_prec,affection_f1,affection_ba,amusement_rec,amusement_prec,amusement_f1,amusement_ba,anger_rec,anger_prec,anger_f1,anger_ba,contempt_rec,contempt_prec,contempt_f1,contempt_ba,disgust_rec,disgust_prec,disgust_f1,disgust_ba,distress_rec,distress_prec,distress_f1,distress_ba,fear_rec,fear_prec,fear_f1,fear_ba,guilt_rec,guilt_prec,guilt_f1,guilt_ba,happiness_rec,happiness_prec,happiness_f1,happiness_ba,interest_rec,interest_prec,interest_f1,interest_ba,lust_rec,lust_prec,lust_f1,lust_ba,negativesurprise_rec,negativesurprise_prec,negativesurprise_f1,negativesurprise_ba,positivesurprise_rec,positivesurprise_prec,positivesurprise_f1,positivesurprise_ba,pride_rec,pride_prec,pride_f1,pride_ba,relief_rec,relief_prec,relief_f1,relief_ba,sadness_rec,sadness_prec,sadness_f1,sadness_ba,serenity_rec,serenity_prec,serenity_f1,serenity_ba,shame_rec,shame_prec,shame_f1,shame_ba,params,clf,features,corpus
0,0,0.4019774398766458,0.00483271898701787,0.09488304093567251,0.09497206703910614,0.09497206703910614,0.06120605035047563,0.5833333333333334,0.0673076923076923,0.12068965517241378,0.5251396648044693,0.26666666666666666,0.1553398058252427,0.19631901840490795,0.8780260707635009,0.0,0.0,0.0,0.9441340782122905,0.0,0.0,0.0,0.9432029795158287,0.0,0.0,0.0,0.9404096834264432,0.016666666666666666,1.0,0.03278688524590164,0.9450651769087524,0.1,0.3,0.15,0.9366852886405959,0.0,0.0,0.0,0.9422718808193669,0.016666666666666666,0.5,0.03225806451612903,0.9441340782122905,0.15789473684210525,0.06716417910447761,0.09424083769633508,0.8389199255121043,0.25,0.15306122448979592,0.189873417721519,0.8808193668528864,0.0,0.0,0.0,0.946927374301676,0.0,0.0,0.0,0.9422718808193669,0.21666666666666667,0.08609271523178808,0.12322274881516587,0.8277467411545624,0.0,0.0,0.0,0.9422718808193669,0.016666666666666666,0.1,0.028571428571428574,0.9366852886405959,0.016666666666666666,0.14285714285714285,0.029850746268656716,0.9394785847299814,0.06666666666666667,0.23529411764705882,0.1038961038961039,0.9357541899441341,"{""C"": 1, ""class_weight"": null, ""dual"": false, ""fit_intercept"": true, ""intercept_scaling"": 1, ""l1_ratio"": null, ""max_iter"": 100, ""multi_class"": ""multinomial"", ""n_jobs"": null, ""penalty"": ""l2"", ""random_state"": null, ""solver"": ""lbfgs"", ""tol"": 0.0001, ""verbose"": 0, ""warm_start"": false}",sk/lr,wav2vec_c_mean,VENEC
